{"corr_to_avg":{"max":0.06193183020553385},"train_loss":3.2747549096743267,"test_loss":{"min":2.89387900390508},"_wandb":{"runtime":483},"_timestamp":1.7329751081646092e+09,"_runtime":483.491225664,"_step":39}