{"corr_to_avg":{"max":0.2840209434215862},"train_loss":1.8452510039011638,"_wandb":{"runtime":573},"test_loss":{"min":1.804767702460289},"_timestamp":1.7329648262965164e+09,"_runtime":573.784390457,"_step":39}