{"train_loss":1.9532405616730217,"_wandb":{"runtime":239},"test_loss":{"min":1.910322328027942},"_timestamp":1.7329898049710312e+09,"_runtime":239.584981435,"_step":19,"corr_to_avg":{"max":0.039800773542439556}}