{"corr_to_avg":{"max":0.2912979628776396},"train_loss":1.6114508837461472,"_wandb":{"runtime":238},"test_loss":{"min":1.6067255479426472},"_timestamp":1.732988498026353e+09,"_runtime":238.096951385,"_step":19}