{"test_loss":{"min":2.7395314475297927},"_timestamp":1.732986050591569e+09,"_runtime":58.767560683,"_step":3,"_wandb":{"runtime":63},"corr_to_avg":{"max":0.07340271603902764},"train_loss":3.0136467514308634}