{"_timestamp":1.7329834657904155e+09,"_runtime":0.916074666,"_step":202,"_wandb":{"runtime":0},"corr":-0.04017748824619627}