{"_runtime":238.143008644,"_step":19,"corr_to_avg":{"max":0.27532156193492335},"train_loss":1.6397187689940134,"test_loss":{"min":1.6108838170583994},"_wandb":{"runtime":238},"_timestamp":1.7329877252584176e+09}