{"_runtime":482.399286502,"_step":39,"_wandb":{"runtime":482},"corr_to_avg":{"max":0.0965455381700572},"train_loss":2.068742303053538,"test_loss":{"min":1.9586285775424512},"_timestamp":1.7329766658259966e+09}