{"_wandb":{"runtime":0},"corr":0.3780266716366856,"_timestamp":1.732988788487302e+09,"_runtime":0.769916095,"_step":202}