{"test_loss":{"min":1.721676582425338},"_timestamp":1.7329653173190222e+09,"_wandb":{"runtime":485},"_runtime":485.743730582,"_step":39,"corr_to_avg":{"max":0.21862867534448838},"train_loss":1.7132279769642147}