{"_runtime":484.664720047,"_step":39,"_wandb":{"runtime":484},"corr_to_avg":{"max":0.23698702227547036},"train_loss":1.7116417668935822,"test_loss":{"min":1.7195426927520245},"_timestamp":1.7329637655371299e+09}