{"test_loss":{"min":2.0172942514419554},"_timestamp":1.732990331959141e+09,"_runtime":285.42141119,"_step":19,"corr_to_avg":{"max":0.055813179546941885},"_wandb":{"runtime":285},"train_loss":2.1755696213837212}