{"_timestamp":1.7329895611180718e+09,"_runtime":286.5083605,"_step":19,"_wandb":{"runtime":286},"corr_to_avg":{"max":0.30322214927376406},"train_loss":1.8364392070905537,"test_loss":{"min":1.8058042532205583}}