{"_runtime":486.130440865,"_step":39,"corr_to_avg":{"max":0.04274785272167624},"train_loss":3.270412766088651,"test_loss":{"min":2.954579536789983},"_wandb":{"runtime":486},"_timestamp":1.7329746228795109e+09}