{"corr_to_avg":{"max":0.06958956908528709},"train_loss":1.8195689727862676,"_wandb":{"runtime":237},"test_loss":{"min":1.7532156180750373},"_timestamp":1.7329900446291108e+09,"_runtime":237.60842687,"_step":19}