{"_step":39,"corr_to_avg":{"max":0.08709898021269451},"train_loss":2.1817693203453006,"_wandb":{"runtime":489},"test_loss":{"min":2.0966287297155057},"_timestamp":1.7329761815666554e+09,"_runtime":489.369941528}