{"_step":39,"corr_to_avg":{"max":0.0729706953643693},"_wandb":{"runtime":481},"train_loss":2.9752840995788574,"test_loss":{"min":2.5439581101657422},"_timestamp":1.7329813229463513e+09,"_runtime":481.748442653}