{"_step":39,"_wandb":{"runtime":486},"corr_to_avg":{"max":0.08215785101926111},"train_loss":1.875510101243267,"test_loss":{"min":1.8184875635047222},"_timestamp":1.732971520979361e+09,"_runtime":486.289747596}