{"_wandb":{"runtime":576},"train_loss":1.8473077758829644,"test_loss":{"min":1.8129435353279113},"_timestamp":1.73296637658801e+09,"_runtime":576.374186489,"_step":39,"corr_to_avg":{"max":0.2436815315419496}}