{"_step":202,"_wandb":{"runtime":0},"corr":-0.09925475555773577,"_timestamp":1.732990334290327e+09,"_runtime":0.818984301}