{"test_loss":{"min":2.166322647992374},"_timestamp":1.732977736055162e+09,"_runtime":487.215675247,"_step":39,"corr_to_avg":{"max":0.0529026408872016},"train_loss":2.2707848774166557,"_wandb":{"runtime":487}}