{"corr_to_avg":{"max":0.08719236507509093},"train_loss":2.2228694177988007,"test_loss":{"min":2.147817460665453},"_timestamp":1.732979286637099e+09,"_wandb":{"runtime":486},"_runtime":486.022307431,"_step":39}