{"_wandb":{"runtime":575},"corr_to_avg":{"max":0.06858838095636402},"train_loss":2.589208318832073,"test_loss":{"min":2.3424454630613325},"_timestamp":1.7329787964011984e+09,"_runtime":575.496189562,"_step":39}