{"_step":39,"_wandb":{"runtime":482},"corr_to_avg":{"max":0.08016651327471827},"train_loss":1.7595780144135158,"test_loss":{"min":3.0420285189809975},"_timestamp":1.7329689001051297e+09,"_runtime":482.211698189}