{"_wandb":{"runtime":578},"_timestamp":1.7329694802476306e+09,"_runtime":578.264813038,"_step":39,"corr_to_avg":{"max":0.0994271299645504},"train_loss":2.3275033878096454,"test_loss":{"min":3.2376406047344206}}