{"train_loss":2.0248541087968976,"_wandb":{"runtime":575},"test_loss":{"min":1.9106122115850448},"_timestamp":1.7329741322299287e+09,"_runtime":575.198613699,"_step":39,"corr_to_avg":{"max":0.13223609695037372}}