{"_step":39,"corr_to_avg":{"max":0.052403851981229224},"train_loss":3.038017781913703,"test_loss":{"min":2.7419968383312225},"_wandb":{"runtime":575},"_timestamp":1.732985016419334e+09,"_runtime":575.507572731}