{"_runtime":486.512706299,"_step":39,"corr_to_avg":{"max":0.2233161342614557},"train_loss":1.6995895856947412,"test_loss":{"min":1.7265344442535635},"_wandb":{"runtime":486},"_timestamp":1.7329668673563652e+09}