{"_wandb":{"runtime":0},"corr":-0.04607969862429921,"_timestamp":1.7329756900395927e+09,"_runtime":0.947553434,"_step":202}