{"corr":0.05721614063773027,"_timestamp":1.7329819045173542e+09,"_runtime":0.821140987,"_wandb":{"runtime":0},"_step":202}