{"_timestamp":1.7329741347077172e+09,"_runtime":0.876650253,"_step":202,"_wandb":{"runtime":0},"corr":0.38379807510475866}