{"_runtime":0.791157559,"_step":202,"corr":0.28039247201075584,"_timestamp":1.7329679280217795e+09,"_wandb":{"runtime":0}}