{"_wandb":{"runtime":483},"_runtime":483.596202483,"_step":39,"corr_to_avg":{"max":0.08497391431771145},"train_loss":2.278224655985832,"test_loss":{"min":2.1582900439303345},"_timestamp":1.7329828820353322e+09}