{"test_loss":{"min":1.608261572510187},"_timestamp":1.7329642507166631e+09,"_runtime":482.170918707,"_step":39,"_wandb":{"runtime":482},"corr_to_avg":{"max":0.268238595242574},"train_loss":1.6285031547149023}