{"corr_to_avg":{"max":0.034891927592652146},"train_loss":3.1450672450028065,"test_loss":{"min":2.7073270877202353},"_timestamp":1.7329808394015033e+09,"_runtime":485.219309854,"_step":39,"_wandb":{"runtime":485}}