{"_runtime":0.864128992,"_wandb":{"runtime":0},"_step":202,"corr":-0.058131374672804284,"_timestamp":1.732969482630614e+09}