{"_step":202,"_wandb":{"runtime":0},"corr":0.14578857790905872,"_timestamp":1.7329710328353884e+09,"_runtime":0.817108501}