{"test_loss":{"min":2.7076110742092134},"_timestamp":1.7329834633952823e+09,"_wandb":{"runtime":579},"_runtime":579.572507729,"_step":39,"corr_to_avg":{"max":0.07796757704486133},"train_loss":2.9868775817519384}