{"corr_to_avg":{"max":0.07631629299388695},"train_loss":2.5401407977727453,"test_loss":{"min":2.4257642826967007},"_timestamp":1.7329855070579548e+09,"_runtime":486.436916265,"_step":39,"_wandb":{"runtime":486}}