{"_wandb":{"runtime":484},"corr_to_avg":{"max":0.11360595891188814},"train_loss":1.840166014010512,"test_loss":{"min":1.8011886361001552},"_timestamp":1.7329699690769305e+09,"_runtime":484.567018946,"_step":39}