{"_step":202,"corr":0.43104792170491013,"_wandb":{"runtime":0},"_timestamp":1.7329803521379538e+09,"_runtime":0.947952843}