{"_wandb":{"runtime":575},"_step":39,"corr_to_avg":{"max":0.11186641066396694},"train_loss":2.065015212018439,"test_loss":{"min":1.926811595916748},"_timestamp":1.732972579483987e+09,"_runtime":575.797035255}