{"train_loss":1.8602123463407476,"test_loss":{"min":1.8113560807704925},"_timestamp":1.7329880130685475e+09,"_wandb":{"runtime":286},"_runtime":286.066861544,"_step":19,"corr_to_avg":{"max":0.27764003654780456}}