{"_wandb":{"runtime":0},"corr":0.41983106227034567,"_timestamp":1.732964828634884e+09,"_runtime":0.845384148,"_step":202}