{"test_loss":{"min":1.8153216273784638},"_timestamp":1.7329887861647465e+09,"_runtime":286.381581077,"_step":19,"_wandb":{"runtime":286},"corr_to_avg":{"max":0.27924064153401806},"train_loss":1.8231984064088647}