{"train_loss":1.6306636859973271,"test_loss":{"min":1.6114513862352429},"_timestamp":1.732989272863011e+09,"_runtime":238.667944814,"_step":19,"_wandb":{"runtime":238},"corr_to_avg":{"max":0.2883429285254449}}