{"corr":0.31129171456809374,"_timestamp":1.7329663789366844e+09,"_runtime":0.890389973,"_step":202,"_wandb":{"runtime":0}}