{"_timestamp":1.732972581819842e+09,"_runtime":0.86138735,"_step":202,"_wandb":{"runtime":0},"corr":0.07560280773249375}