{"corr_to_avg":{"max":0.04632713129096328},"train_loss":2.595302715076236,"_wandb":{"runtime":485},"test_loss":{"min":2.483607177685656},"_timestamp":1.7329839536613102e+09,"_runtime":485.946840463,"_step":39}