{"test_loss":{"min":2.30026599752903},"_timestamp":1.7329803495685668e+09,"_runtime":574.955525727,"_step":39,"_wandb":{"runtime":574},"corr_to_avg":{"max":0.11538755564440051},"train_loss":2.5212033166953014}