{"train_loss":2.0498078733682634,"test_loss":{"min":1.934055867078114},"_timestamp":1.73297977258038e+09,"_wandb":{"runtime":484},"_runtime":484.153625459,"_step":39,"corr_to_avg":{"max":0.1167244725934795}}