{"_wandb":{"runtime":242},"test_loss":{"min":1.7119092508903104},"_timestamp":1.7329890324640505e+09,"_runtime":242.14177182,"_step":19,"corr_to_avg":{"max":0.27607482879614714},"train_loss":1.7117699966655942}