{"corr_to_avg":{"max":0.29423791320028514},"train_loss":1.6996173699071089,"test_loss":{"min":1.7092034666017555},"_timestamp":1.7329882581986203e+09,"_runtime":240.704159867,"_wandb":{"runtime":240},"_step":19}