{"_wandb":{"runtime":577},"_timestamp":1.732975687601682e+09,"_runtime":577.659929447,"_step":39,"corr_to_avg":{"max":0.05744644395287564},"train_loss":3.6854160153273994,"test_loss":{"min":3.2231533702611923}}