{"corr_to_avg":{"max":0.09388186575849183},"train_loss":2.1159852047761283,"test_loss":{"min":1.9963250470307707},"_timestamp":1.7329782191334329e+09,"_runtime":481.180269218,"_step":39,"_wandb":{"runtime":481}}