{"_runtime":577.144727312,"_step":39,"_wandb":{"runtime":577},"corr_to_avg":{"max":0.07900586366053808},"train_loss":2.5059722552062773,"test_loss":{"min":2.291410282254219},"_timestamp":1.7329772447894654e+09}