{"corr":0.4011863232171297,"_timestamp":1.7329895634425788e+09,"_runtime":0.765356919,"_step":202,"_wandb":{"runtime":0}}