{"corr_to_avg":{"max":0.10795731367775045},"train_loss":1.850526097252613,"test_loss":{"min":1.8151969078400125},"_timestamp":1.7329730691208396e+09,"_runtime":485.367174957,"_step":39,"_wandb":{"runtime":485}}