{"_runtime":483.683947115,"_step":39,"_wandb":{"runtime":483},"corr_to_avg":{"max":0.09264313493179002},"train_loss":2.28790052930514,"test_loss":{"min":2.163819894761396},"_timestamp":1.732984439156184e+09}