{"_runtime":486.214450887,"_step":39,"_wandb":{"runtime":486},"corr_to_avg":{"max":0.05662867309097997},"train_loss":1.9036469562785832,"test_loss":{"min":3.001026742150805},"_timestamp":1.732968416112463e+09}