{"_step":19,"_wandb":{"runtime":240},"corr_to_avg":{"max":0.22647516857804076},"train_loss":1.7245230271121648,"test_loss":{"min":1.7214841950746635},"_timestamp":1.7329874853374195e+09,"_runtime":240.771769977}