{"_step":202,"corr":0.03843228845993875,"_timestamp":1.7329772470303063e+09,"_runtime":0.670412984,"_wandb":{"runtime":0}}