{"train_loss":1.6304279605547587,"test_loss":{"min":1.6249836376108275},"_timestamp":1.732965798398816e+09,"_runtime":479.327175092,"_step":39,"_wandb":{"runtime":479},"corr_to_avg":{"max":0.20919246961050106}}