{"train_loss":1.8307429670442081,"test_loss":{"min":1.8247178184986115},"_timestamp":1.7329679257190986e+09,"_runtime":573.901550039,"_step":39,"_wandb":{"runtime":573},"corr_to_avg":{"max":0.23446071375132738}}