{"_step":39,"corr_to_avg":{"max":0.15397084492447957},"_wandb":{"runtime":482},"train_loss":1.7947782317797343,"test_loss":{"min":1.7121905247857965},"_timestamp":1.7329704529616034e+09,"_runtime":482.121644381}