{"train_loss":1.7999346295992533,"test_loss":{"min":1.7251668350828206},"_timestamp":1.732973555035095e+09,"_runtime":484.194969905,"_step":39,"_wandb":{"runtime":484},"corr_to_avg":{"max":0.1449892723751733}}