{"_wandb":{"runtime":1},"corr":0.386699631073697,"_timestamp":1.732988015427979e+09,"_runtime":1.053599414,"_step":202}