{"corr_to_avg":{"max":0.13005031018317992},"train_loss":2.0194682931223658,"test_loss":{"min":1.9035797749757766},"_timestamp":1.73297103048837e+09,"_wandb":{"runtime":575},"_runtime":575.730712421,"_step":39}