{"train_loss":2.559886179571077,"test_loss":{"min":2.4565609667645254},"_timestamp":1.7329823965585063e+09,"_wandb":{"runtime":490},"_runtime":490.182415677,"_step":39,"corr_to_avg":{"max":0.08261792363007213}}