{"corr":0.05951969684025706,"_timestamp":1.7329787988030875e+09,"_runtime":0.793756505,"_step":202,"_wandb":{"runtime":0}}