{"test_loss":{"min":2.1495390987103704},"_timestamp":1.7329859898756688e+09,"_runtime":481.05833567,"_step":39,"_wandb":{"runtime":481},"corr_to_avg":{"max":0.09721891676662578},"train_loss":2.269973224401474}