{"train_loss":1.8200212369362514,"test_loss":{"min":1.733188634269808},"_timestamp":1.7329720019961243e+09,"_runtime":479.160690209,"_step":39,"_wandb":{"runtime":479},"corr_to_avg":{"max":0.13507048066839528}}