{"test_loss":{"min":1.658523656399314},"_timestamp":1.7329905796246505e+09,"_wandb":{"runtime":243},"_runtime":243.137176155,"_step":19,"corr_to_avg":{"max":0.44894491969116845},"train_loss":1.654706518481097}