{"corr":-0.010385354616295604,"_timestamp":1.732985018791161e+09,"_runtime":0.819317675,"_step":202,"_wandb":{"runtime":0}}