{"_timestamp":1.7329819022153134e+09,"_runtime":577.380916759,"_step":39,"_wandb":{"runtime":577},"corr_to_avg":{"max":0.05659334046904319},"train_loss":3.4825793699169836,"test_loss":{"min":2.9060624845027925}}