{"_wandb":{"runtime":480},"_runtime":480.592539651,"_step":39,"corr_to_avg":{"max":0.22702649298537572},"train_loss":1.6134285539388658,"test_loss":{"min":1.6300168549356284},"_timestamp":1.7329673499231067e+09}